{"cameraMode":{"drawMode":0,"name":"Shaded","section":"Shading Mode"},"sceneLighting":false,"audioPlay":false,"sceneViewState":{"m_AlwaysRefresh":false,"showFog":true,"showSkybox":false,"showFlares":true,"showImageEffects":true,"showParticleSystems":true,"showVisualEffectGraphs":true,"m_FxEnabled":true},"in2DMode":false,"pivot":{"x":-2.384185791015625e-7,"y":0.19999998807907105,"z":0.000001430511474609375},"rotation":{"x":-0.24607343971729279,"y":0.3377324342727661,"z":-0.09194821864366532,"w":-0.9038443565368652},"size":2.8284287452697756,"orthographic":false}