{"cameraMode":{"drawMode":0,"name":"Shaded","section":"Shading Mode"},"sceneLighting":false,"audioPlay":false,"sceneViewState":{"m_AlwaysRefresh":false,"showFog":true,"showSkybox":false,"showFlares":true,"showImageEffects":true,"showParticleSystems":true,"showVisualEffectGraphs":true,"m_FxEnabled":false},"in2DMode":false,"pivot":{"x":-0.7200000286102295,"y":2.4200000762939455,"z":-1.7400000095367432},"rotation":{"x":-0.2364334911108017,"y":0.03079582192003727,"z":-0.007722900714725256,"w":-0.9711872935295105},"size":8.325835227966309,"orthographic":false}