{"cameraMode":{"drawMode":0,"name":"Shaded","section":"Shading Mode"},"sceneLighting":false,"audioPlay":false,"sceneViewState":{"m_AlwaysRefresh":false,"showFog":true,"showSkybox":false,"showFlares":true,"showImageEffects":true,"showParticleSystems":true,"showVisualEffectGraphs":true,"m_FxEnabled":false},"in2DMode":false,"pivot":{"x":-0.18596887588500977,"y":1.9319770336151124,"z":4.993272304534912},"rotation":{"x":0.10681136697530747,"y":0.11339335143566132,"z":0.012048723176121712,"w":-0.9877740144729614},"size":6.455076217651367,"orthographic":false}