{"cameraMode":{"drawMode":0,"name":"Shaded","section":"Shading Mode"},"sceneLighting":false,"audioPlay":false,"sceneViewState":{"m_AlwaysRefresh":false,"showFog":true,"showSkybox":false,"showFlares":true,"showImageEffects":true,"showParticleSystems":true,"showVisualEffectGraphs":true,"m_FxEnabled":false},"in2DMode":false,"pivot":{"x":-0.011500000953674317,"y":2.4200000762939455,"z":-2.484250068664551},"rotation":{"x":-0.20267078280448914,"y":0.045721929520368579,"z":-0.009700529277324677,"w":-0.9781894087791443},"size":2.052304983139038,"orthographic":false}