{"cameraMode":{"drawMode":0,"name":"Shaded","section":"Shading Mode"},"sceneLighting":false,"audioPlay":false,"sceneViewState":{"m_AlwaysRefresh":false,"showFog":true,"showSkybox":false,"showFlares":true,"showImageEffects":true,"showParticleSystems":true,"showVisualEffectGraphs":true,"m_FxEnabled":false},"in2DMode":false,"pivot":{"x":0.7467401027679443,"y":1.3844754695892335,"z":-0.22326374053955079},"rotation":{"x":-0.2643983066082001,"y":-0.2563164234161377,"z":0.07289977371692658,"w":-0.9269236922264099},"size":2.5652248859405519,"orthographic":false}