{"cameraMode":{"drawMode":0,"name":"Shaded","section":"Shading Mode"},"sceneLighting":false,"audioPlay":false,"sceneViewState":{"m_AlwaysRefresh":false,"showFog":true,"showSkybox":false,"showFlares":true,"showImageEffects":true,"showParticleSystems":true,"showVisualEffectGraphs":true,"m_FxEnabled":false},"in2DMode":false,"pivot":{"x":-5.480923175811768,"y":-11.934913635253907,"z":0.150177001953125},"rotation":{"x":-0.10810047388076782,"y":-0.008690171875059605,"z":0.0007868483080528677,"w":-0.9941539764404297},"size":13.615354537963868,"orthographic":false}