{"cameraMode":{"drawMode":0,"name":"Shaded","section":"Shading Mode"},"sceneLighting":false,"audioPlay":false,"sceneViewState":{"m_AlwaysRefresh":false,"showFog":true,"showSkybox":false,"showFlares":true,"showImageEffects":true,"showParticleSystems":true,"showVisualEffectGraphs":true,"m_FxEnabled":false},"in2DMode":false,"pivot":{"x":0.0955498218536377,"y":0.6251848936080933,"z":0.027673572301864625},"rotation":{"x":-0.12567786872386933,"y":0.067162424325943,"z":-0.008727684617042542,"w":-0.9898091554641724},"size":2.3394980430603029,"orthographic":false}