{"cameraMode":{"drawMode":0,"name":"Shaded","section":"Shading Mode"},"sceneLighting":false,"audioPlay":false,"sceneViewState":{"m_AlwaysRefresh":false,"showFog":true,"showSkybox":false,"showFlares":true,"showImageEffects":true,"showParticleSystems":true,"showVisualEffectGraphs":true,"m_FxEnabled":true},"in2DMode":false,"pivot":{"x":2.181375741958618,"y":-0.5185365676879883,"z":0.021434783935546876},"rotation":{"x":0.06115327775478363,"y":0.9388356804847717,"z":-0.24503488838672639,"w":0.23421117663383485},"size":2.5146560668945314,"orthographic":false}