{"cameraMode":{"drawMode":0,"name":"Shaded","section":"Shading Mode"},"sceneLighting":false,"audioPlay":false,"sceneViewState":{"m_AlwaysRefresh":false,"showFog":true,"showSkybox":false,"showFlares":true,"showImageEffects":true,"showParticleSystems":true,"showVisualEffectGraphs":true,"m_FxEnabled":false},"in2DMode":false,"pivot":{"x":94.28852081298828,"y":7.718234539031982,"z":5114.39306640625},"rotation":{"x":0.0056917741894721989,"y":0.04826052486896515,"z":0.00011994301166851074,"w":-0.9988703727722168},"size":48.758670806884769,"orthographic":false}