{"cameraMode":{"drawMode":0,"name":"Shaded","section":"Shading Mode"},"sceneLighting":false,"audioPlay":false,"sceneViewState":{"m_AlwaysRefresh":false,"showFog":true,"showSkybox":false,"showFlares":true,"showImageEffects":true,"showParticleSystems":true,"showVisualEffectGraphs":true,"m_FxEnabled":true},"in2DMode":false,"pivot":{"x":0.05442821979522705,"y":-0.1284240484237671,"z":0.010591626167297364},"rotation":{"x":0.059040602296590808,"y":0.9409981369972229,"z":-0.23807482421398164,"w":0.2332513928413391},"size":0.9146260619163513,"orthographic":false}