{"cameraMode":{"drawMode":0,"name":"Shaded","section":"Shading Mode"},"sceneLighting":false,"audioPlay":false,"sceneViewState":{"m_AlwaysRefresh":false,"showFog":true,"showSkybox":false,"showFlares":true,"showImageEffects":true,"showParticleSystems":true,"showVisualEffectGraphs":true,"m_FxEnabled":false},"in2DMode":false,"pivot":{"x":-1.2882871627807618,"y":1.9017393589019776,"z":2.4444522857666017},"rotation":{"x":-0.00026598895783536136,"y":-0.9047667980194092,"z":0.00021664595988113433,"w":-0.4260267913341522},"size":4.188111782073975,"orthographic":false}