{"cameraMode":{"drawMode":0,"name":"Shaded","section":"Shading Mode"},"sceneLighting":false,"audioPlay":false,"sceneViewState":{"m_AlwaysRefresh":false,"showFog":true,"showSkybox":false,"showFlares":true,"showImageEffects":true,"showParticleSystems":true,"showVisualEffectGraphs":true,"m_FxEnabled":false},"in2DMode":false,"pivot":{"x":0.0017604827880859376,"y":3.2223398685455324,"z":-0.0024950504302978517},"rotation":{"x":0.10681136697530747,"y":0.11339335143566132,"z":0.012048723176121712,"w":-0.9877740144729614},"size":3.6198432445526125,"orthographic":false}