{"cameraMode":{"drawMode":0,"name":"Shaded","section":"Shading Mode"},"sceneLighting":false,"audioPlay":false,"sceneViewState":{"m_AlwaysRefresh":false,"showFog":true,"showSkybox":false,"showFlares":true,"showImageEffects":true,"showParticleSystems":true,"showVisualEffectGraphs":true,"m_FxEnabled":false},"in2DMode":false,"pivot":{"x":0.7531130313873291,"y":0.6864899396896362,"z":-0.15412282943725587},"rotation":{"x":-0.12878908216953278,"y":0.04932449758052826,"z":-0.006559061352163553,"w":-0.9904755353927612},"size":2.2226052284240724,"orthographic":false}