{"cameraMode":{"drawMode":0,"name":"Shaded","section":"Shading Mode"},"sceneLighting":false,"audioPlay":false,"sceneViewState":{"m_AlwaysRefresh":false,"showFog":true,"showSkybox":false,"showFlares":true,"showImageEffects":true,"showParticleSystems":true,"showVisualEffectGraphs":true,"m_FxEnabled":false},"in2DMode":false,"pivot":{"x":-0.03007429838180542,"y":1.0834577083587647,"z":0.0757741928100586},"rotation":{"x":-0.029747918248176576,"y":-0.9704431891441345,"z":0.16936679184436799,"w":-0.1696273535490036},"size":1.7959481477737427,"orthographic":false}