{"cameraMode":{"drawMode":0,"name":"Shaded","section":"Shading Mode"},"sceneLighting":false,"audioPlay":false,"sceneViewState":{"m_AlwaysRefresh":false,"showFog":true,"showSkybox":false,"showFlares":true,"showImageEffects":true,"showParticleSystems":true,"showVisualEffectGraphs":true,"m_FxEnabled":false},"in2DMode":false,"pivot":{"x":0.0008640289306640625,"y":0.6019265651702881,"z":0.0038025975227355959},"rotation":{"x":-0.12567786872386933,"y":0.067162424325943,"z":-0.008727684617042542,"w":-0.9898091554641724},"size":1.140671730041504,"orthographic":false}