{"cameraMode":{"drawMode":0,"name":"Shaded","section":"Shading Mode"},"sceneLighting":false,"audioPlay":false,"sceneViewState":{"m_AlwaysRefresh":false,"showFog":true,"showSkybox":false,"showFlares":true,"showImageEffects":true,"showParticleSystems":true,"showVisualEffectGraphs":true,"m_FxEnabled":false},"in2DMode":false,"pivot":{"x":2.0427322387695314,"y":0.18491888046264649,"z":-3.4045968055725099},"rotation":{"x":0.16244229674339295,"y":0.7493428587913513,"z":-0.19903919100761414,"w":0.6104121804237366},"size":11.625837326049805,"orthographic":false}