{"cameraMode":{"drawMode":0,"name":"Shaded","section":"Shading Mode"},"sceneLighting":false,"audioPlay":false,"sceneViewState":{"m_AlwaysRefresh":false,"showFog":true,"showSkybox":false,"showFlares":true,"showImageEffects":true,"showParticleSystems":true,"showVisualEffectGraphs":true,"m_FxEnabled":false},"in2DMode":false,"pivot":{"x":-0.8273444175720215,"y":1.6127700805664063,"z":0.10911226272583008},"rotation":{"x":0.001598625909537077,"y":-0.9925415515899658,"z":0.12150385230779648,"w":0.014338362962007523},"size":8.411060333251954,"orthographic":false}