{"cameraMode":{"drawMode":0,"name":"Shaded","section":"Shading Mode"},"sceneLighting":false,"audioPlay":false,"sceneViewState":{"m_AlwaysRefresh":false,"showFog":true,"showSkybox":false,"showFlares":true,"showImageEffects":true,"showParticleSystems":true,"showVisualEffectGraphs":true,"m_FxEnabled":true},"in2DMode":false,"pivot":{"x":-0.7899489402770996,"y":-0.17530155181884767,"z":-0.14449286460876466},"rotation":{"x":0.15512241423130036,"y":0.8122654557228088,"z":-0.25020357966423037,"w":0.5035933256149292},"size":3.031153440475464,"orthographic":false}