{"cameraMode":{"drawMode":0,"name":"Shaded","section":"Shading Mode"},"sceneLighting":false,"audioPlay":false,"sceneViewState":{"m_AlwaysRefresh":false,"showFog":true,"showSkybox":false,"showFlares":true,"showImageEffects":true,"showParticleSystems":true,"showVisualEffectGraphs":true,"m_FxEnabled":true},"in2DMode":false,"pivot":{"x":0.5596692562103272,"y":-0.12804752588272096,"z":-0.5439878702163696},"rotation":{"x":0.02605189010500908,"y":0.8512330055236816,"z":-0.04242965951561928,"w":0.5224642157554627},"size":1.712812900543213,"orthographic":false}