{"cameraMode":{"drawMode":0,"name":"Shaded","section":"Shading Mode"},"sceneLighting":false,"audioPlay":false,"sceneViewState":{"m_AlwaysRefresh":false,"showFog":true,"showSkybox":false,"showFlares":true,"showImageEffects":true,"showParticleSystems":true,"showVisualEffectGraphs":true,"m_FxEnabled":false},"in2DMode":false,"pivot":{"x":0.023819923400878907,"y":0.6998909115791321,"z":-0.008721113204956055},"rotation":{"x":-0.0692569836974144,"y":0.0017621234292164446,"z":-0.0002695543225854635,"w":-0.9976487159729004},"size":1.399507761001587,"orthographic":false}