{"cameraMode":{"drawMode":0,"name":"Shaded","section":"Shading Mode"},"sceneLighting":false,"audioPlay":false,"sceneViewState":{"m_AlwaysRefresh":false,"showFog":true,"showSkybox":false,"showFlares":true,"showImageEffects":true,"showParticleSystems":true,"showVisualEffectGraphs":true,"m_FxEnabled":false},"in2DMode":false,"pivot":{"x":-0.0010575056076049805,"y":1.3559472560882569,"z":-0.004645124077796936},"rotation":{"x":-0.0692569836974144,"y":0.0017621234292164446,"z":-0.0002695543225854635,"w":-0.9976487159729004},"size":1.5563102960586548,"orthographic":false}