{"cameraMode":{"drawMode":0,"name":"Shaded","section":"Shading Mode"},"sceneLighting":false,"audioPlay":false,"sceneViewState":{"m_AlwaysRefresh":false,"showFog":true,"showSkybox":false,"showFlares":true,"showImageEffects":true,"showParticleSystems":true,"showVisualEffectGraphs":true,"m_FxEnabled":true},"in2DMode":false,"pivot":{"x":76.8877944946289,"y":-18.161121368408204,"z":34.79836654663086},"rotation":{"x":0.29566046595573428,"y":-0.03122108429670334,"z":0.009669974446296692,"w":0.9547447562217712},"size":36.974239349365237,"orthographic":false}