{"cameraMode":{"drawMode":0,"name":"Shaded","section":"Shading Mode"},"sceneLighting":false,"audioPlay":false,"sceneViewState":{"m_AlwaysRefresh":false,"showFog":true,"showSkybox":false,"showFlares":true,"showImageEffects":true,"showParticleSystems":true,"showVisualEffectGraphs":true,"m_FxEnabled":true},"in2DMode":false,"pivot":{"x":0.44252514839172366,"y":-0.4614388942718506,"z":0.5633596181869507},"rotation":{"x":0.22714269161224366,"y":0.6675149202346802,"z":-0.22551950812339784,"w":0.6723223328590393},"size":1.1871981620788575,"orthographic":false}