{"cameraMode":{"drawMode":0,"name":"Shaded","section":"Shading Mode"},"sceneLighting":false,"audioPlay":false,"sceneViewState":{"m_AlwaysRefresh":false,"showFog":true,"showSkybox":false,"showFlares":true,"showImageEffects":true,"showParticleSystems":true,"showVisualEffectGraphs":true,"m_FxEnabled":false},"in2DMode":false,"pivot":{"x":73.80667114257813,"y":15.016496658325196,"z":5130.5595703125},"rotation":{"x":0.0056917741894721989,"y":0.04826052486896515,"z":0.00011994301166851074,"w":-0.9988703727722168},"size":35.80685806274414,"orthographic":false}