{"cameraMode":{"drawMode":0,"name":"Shaded","section":"Shading Mode"},"sceneLighting":false,"audioPlay":false,"sceneViewState":{"m_AlwaysRefresh":false,"showFog":true,"showSkybox":false,"showFlares":true,"showImageEffects":true,"showParticleSystems":true,"showVisualEffectGraphs":true,"m_FxEnabled":false},"in2DMode":false,"pivot":{"x":0.009002268314361573,"y":0.17488296329975129,"z":-0.032807230949401858},"rotation":{"x":-0.12567786872386933,"y":0.067162424325943,"z":-0.008727684617042542,"w":-0.9898091554641724},"size":0.5165607333183289,"orthographic":false}