{"cameraMode":{"drawMode":0,"name":"Shaded","section":"Shading Mode"},"sceneLighting":false,"audioPlay":false,"sceneViewState":{"m_AlwaysRefresh":false,"showFog":true,"showSkybox":false,"showFlares":true,"showImageEffects":true,"showParticleSystems":true,"showVisualEffectGraphs":true,"m_FxEnabled":false},"in2DMode":false,"pivot":{"x":0.04177141189575195,"y":2.1553454399108888,"z":0.12173700332641602},"rotation":{"x":-0.0586320124566555,"y":-0.07304450124502182,"z":0.004147871397435665,"w":-0.9956468343734741},"size":2.771273136138916,"orthographic":false}