{"cameraMode":{"drawMode":0,"name":"Shaded","section":"Shading Mode"},"sceneLighting":false,"audioPlay":false,"sceneViewState":{"m_AlwaysRefresh":false,"showFog":true,"showSkybox":false,"showFlares":true,"showImageEffects":true,"showParticleSystems":true,"showVisualEffectGraphs":true,"m_FxEnabled":false},"in2DMode":false,"pivot":{"x":0.6970000267028809,"y":2.4200000762939455,"z":-1.7400000095367432},"rotation":{"x":-0.04376376047730446,"y":0.034703951328992847,"z":-0.0017452666070312262,"w":-0.9984945058822632},"size":2.9364826679229738,"orthographic":false}