{"cameraMode":{"drawMode":0,"name":"Shaded","section":"Shading Mode"},"sceneLighting":false,"audioPlay":false,"sceneViewState":{"m_AlwaysRefresh":false,"showFog":true,"showSkybox":false,"showFlares":true,"showImageEffects":true,"showParticleSystems":true,"showVisualEffectGraphs":true,"m_FxEnabled":false},"in2DMode":false,"pivot":{"x":-7.152557373046875e-7,"y":2.3240609169006349,"z":-0.0000011920928955078126},"rotation":{"x":0.08164823055267334,"y":-0.9030462503433228,"z":0.19850130379199983,"w":0.37221580743789675},"size":3.804107189178467,"orthographic":false}