{"cameraMode":{"drawMode":0,"name":"Shaded","section":"Shading Mode"},"sceneLighting":true,"audioPlay":false,"sceneViewState":{"m_AlwaysRefresh":false,"showFog":true,"showSkybox":true,"showFlares":true,"showImageEffects":true,"showParticleSystems":true,"showVisualEffectGraphs":true,"m_FxEnabled":false},"in2DMode":false,"pivot":{"x":3.5050315856933595,"y":16.64838981628418,"z":172.66754150390626},"rotation":{"x":0.09167315810918808,"y":0.013753334060311318,"z":-0.001282819313928485,"w":0.9957201480865479},"size":1.4878332614898682,"orthographic":false}