{"cameraMode":{"drawMode":0,"name":"Shaded","section":"Shading Mode"},"sceneLighting":true,"audioPlay":false,"sceneViewState":{"m_AlwaysRefresh":false,"showFog":true,"showSkybox":true,"showFlares":true,"showImageEffects":true,"showParticleSystems":true,"showVisualEffectGraphs":true,"m_FxEnabled":false},"in2DMode":false,"pivot":{"x":-1.760852575302124,"y":6.596214294433594,"z":29.033283233642579},"rotation":{"x":-0.15412352979183198,"y":0.029879705980420114,"z":-0.004859833512455225,"w":-0.9876412749290466},"size":26.87518310546875,"orthographic":false}