{"cameraMode":{"drawMode":0,"name":"Shaded","section":"Shading Mode"},"sceneLighting":true,"audioPlay":false,"sceneViewState":{"m_AlwaysRefresh":false,"showFog":true,"showSkybox":true,"showFlares":true,"showImageEffects":true,"showParticleSystems":true,"showVisualEffectGraphs":true,"m_FxEnabled":false},"in2DMode":false,"pivot":{"x":250.01132202148438,"y":152.09017944335938,"z":233.06787109375},"rotation":{"x":0.09433186799287796,"y":0.08383605629205704,"z":-0.007984638214111328,"w":0.9920001029968262},"size":422.1501159667969,"orthographic":false}