{"cameraMode":{"drawMode":0,"name":"Shaded","section":"Shading Mode"},"sceneLighting":true,"audioPlay":false,"sceneViewState":{"m_AlwaysRefresh":false,"showFog":true,"showSkybox":true,"showFlares":true,"showImageEffects":true,"showParticleSystems":true,"showVisualEffectGraphs":true,"m_FxEnabled":true},"in2DMode":false,"pivot":{"x":47.09813690185547,"y":-8.621944427490235,"z":1045.8985595703125},"rotation":{"x":0.14504705369472505,"y":0.7034835815429688,"z":-0.15014998614788056,"w":0.6793938279151917},"size":202.38589477539063,"orthographic":false}