{"cameraMode":{"drawMode":0,"name":"Shaded","section":"Shading Mode"},"sceneLighting":true,"audioPlay":false,"sceneViewState":{"m_AlwaysRefresh":false,"showFog":true,"showSkybox":true,"showFlares":true,"showImageEffects":true,"showParticleSystems":true,"showVisualEffectGraphs":true,"m_FxEnabled":true},"in2DMode":false,"pivot":{"x":-3.7047810554504396,"y":3.2105064392089845,"z":17.796253204345704},"rotation":{"x":0.1297837793827057,"y":-0.09916939586400986,"z":0.013050112873315812,"w":0.9865020513534546},"size":14.944171905517579,"orthographic":false}