{"cameraMode":{"drawMode":0,"name":"Shaded","section":"Shading Mode"},"sceneLighting":true,"audioPlay":false,"sceneViewState":{"m_AlwaysRefresh":false,"showFog":true,"showSkybox":true,"showFlares":true,"showImageEffects":true,"showParticleSystems":true,"showVisualEffectGraphs":true,"m_FxEnabled":false},"in2DMode":false,"pivot":{"x":-3.3407950401306154,"y":1.4738273620605469,"z":-0.011010169982910157},"rotation":{"x":0.14380356669425965,"y":0.010698218829929829,"z":-0.001565155223943293,"w":0.989574134349823},"size":10.262924194335938,"orthographic":false}