{"cameraMode":{"drawMode":0,"name":"Shaded","section":"Shading Mode"},"sceneLighting":true,"audioPlay":false,"sceneViewState":{"m_AlwaysRefresh":false,"showFog":true,"showSkybox":true,"showFlares":true,"showImageEffects":true,"showParticleSystems":true,"showVisualEffectGraphs":true,"m_FxEnabled":false},"in2DMode":false,"pivot":{"x":5.3065266609191898,"y":6.155487060546875,"z":23.226573944091798},"rotation":{"x":0.2939102053642273,"y":0.05474861338734627,"z":-0.01685131900012493,"w":0.954155445098877},"size":41.233482360839847,"orthographic":false}