{"cameraMode":{"drawMode":0,"name":"Shaded","section":"Shading Mode"},"sceneLighting":true,"audioPlay":false,"sceneViewState":{"m_AlwaysRefresh":false,"showFog":true,"showSkybox":true,"showFlares":true,"showImageEffects":true,"showParticleSystems":true,"showVisualEffectGraphs":true,"m_FxEnabled":false},"in2DMode":false,"pivot":{"x":38.55109786987305,"y":16.34276580810547,"z":282.4456787109375},"rotation":{"x":0.028775615617632867,"y":-0.04615253955125809,"z":0.0013151242164894939,"w":0.9985485076904297},"size":42.029075622558597,"orthographic":false}