{"cameraMode":{"drawMode":0,"name":"Shaded","section":"Shading Mode"},"sceneLighting":true,"audioPlay":false,"sceneViewState":{"m_AlwaysRefresh":false,"showFog":true,"showSkybox":true,"showFlares":true,"showImageEffects":true,"showParticleSystems":true,"showVisualEffectGraphs":true,"m_FxEnabled":false},"in2DMode":false,"pivot":{"x":-2.3617544174194338,"y":3.2990474700927736,"z":17.79618263244629},"rotation":{"x":-0.03298638388514519,"y":-0.9597169756889343,"z":0.24893075227737428,"w":-0.12646962702274323},"size":32.36866760253906,"orthographic":false}