{"cameraMode":{"drawMode":0,"name":"Shaded","section":"Shading Mode"},"sceneLighting":true,"audioPlay":false,"sceneViewState":{"m_AlwaysRefresh":false,"showFog":true,"showSkybox":true,"showFlares":true,"showImageEffects":true,"showParticleSystems":true,"showVisualEffectGraphs":true,"m_FxEnabled":true},"in2DMode":false,"pivot":{"x":-1.0213100910186768,"y":4.724146366119385,"z":0.2588634490966797},"rotation":{"x":0.11388958990573883,"y":-0.054802265018224719,"z":0.006285129580646753,"w":0.9919875860214233},"size":5.644164085388184,"orthographic":false}