{"cameraMode":{"drawMode":0,"name":"Shaded","section":"Shading Mode"},"sceneLighting":true,"audioPlay":false,"sceneViewState":{"m_AlwaysRefresh":false,"showFog":true,"showSkybox":true,"showFlares":true,"showImageEffects":true,"showParticleSystems":true,"showVisualEffectGraphs":true,"m_FxEnabled":false},"in2DMode":false,"pivot":{"x":-0.17700135707855225,"y":19.301443099975587,"z":5.214735984802246},"rotation":{"x":0.14380356669425965,"y":0.010698218829929829,"z":-0.001565155223943293,"w":0.989574134349823},"size":13.723204612731934,"orthographic":false}