{"cameraMode":{"drawMode":0,"name":"Shaded","section":"Shading Mode"},"sceneLighting":true,"audioPlay":false,"sceneViewState":{"m_AlwaysRefresh":false,"showFog":true,"showSkybox":true,"showFlares":true,"showImageEffects":true,"showParticleSystems":true,"showVisualEffectGraphs":true,"m_FxEnabled":false},"in2DMode":false,"pivot":{"x":30.749685287475587,"y":138.52462768554688,"z":201.79322814941407},"rotation":{"x":0.21690376102924348,"y":0.0763852447271347,"z":-0.01693609170615673,"w":0.9730966687202454},"size":110.49906921386719,"orthographic":false}