{"cameraMode":{"drawMode":0,"name":"Shaded","section":"Shading Mode"},"sceneLighting":true,"audioPlay":false,"sceneViewState":{"m_AlwaysRefresh":false,"showFog":true,"showSkybox":true,"showFlares":true,"showImageEffects":true,"showParticleSystems":true,"showVisualEffectGraphs":true,"m_FxEnabled":false},"in2DMode":false,"pivot":{"x":3.881747245788574,"y":23.231304168701173,"z":20.197063446044923},"rotation":{"x":0.05064501613378525,"y":-0.031171225011348726,"z":-0.0016783432802185417,"w":-0.9982792139053345},"size":-1.090531587600708,"orthographic":false}