{"cameraMode":{"drawMode":0,"name":"Shaded","section":"Shading Mode"},"sceneLighting":true,"audioPlay":false,"sceneViewState":{"m_AlwaysRefresh":false,"showFog":true,"showSkybox":true,"showFlares":true,"showImageEffects":true,"showParticleSystems":true,"showVisualEffectGraphs":true,"m_FxEnabled":false},"in2DMode":false,"pivot":{"x":9.454638481140137,"y":91.95135498046875,"z":827.3521728515625},"rotation":{"x":-0.0692569836974144,"y":0.0017621234292164446,"z":-0.0002695543225854635,"w":-0.9976487159729004},"size":-3.6813278198242189,"orthographic":false}