{"cameraMode":{"drawMode":0,"name":"Shaded","section":"Shading Mode"},"sceneLighting":false,"audioPlay":false,"sceneViewState":{"m_AlwaysRefresh":false,"showFog":true,"showSkybox":false,"showFlares":true,"showImageEffects":true,"showParticleSystems":true,"showVisualEffectGraphs":true,"m_FxEnabled":true},"in2DMode":false,"pivot":{"x":71.4203872680664,"y":9.498124122619629,"z":19.283248901367189},"rotation":{"x":-0.02967025712132454,"y":-0.03416910767555237,"z":-0.0010147480061277748,"w":0.9989899396896362},"size":20.931644439697267,"orthographic":false}