{"cameraMode":{"drawMode":0,"name":"Shaded","section":"Shading Mode"},"sceneLighting":false,"audioPlay":false,"sceneViewState":{"m_AlwaysRefresh":false,"showFog":true,"showSkybox":false,"showFlares":true,"showImageEffects":true,"showParticleSystems":true,"showVisualEffectGraphs":true,"m_FxEnabled":true},"in2DMode":false,"pivot":{"x":80.55506134033203,"y":-6.668666839599609,"z":3015.420654296875},"rotation":{"x":0.24028940498828889,"y":0.07012055069208145,"z":-0.017403196543455125,"w":0.9680259823799133},"size":12.627508163452149,"orthographic":false}