{"cameraMode":{"drawMode":0,"name":"Shaded","section":"Shading Mode"},"sceneLighting":false,"audioPlay":false,"sceneViewState":{"m_AlwaysRefresh":false,"showFog":true,"showSkybox":false,"showFlares":true,"showImageEffects":true,"showParticleSystems":true,"showVisualEffectGraphs":true,"m_FxEnabled":false},"in2DMode":false,"pivot":{"x":-2.5779685974121095,"y":0.8564354777336121,"z":-5.7674407958984379},"rotation":{"x":0.007239712402224541,"y":-0.952578604221344,"z":0.023205379024147989,"w":0.3034900724887848},"size":8.131108283996582,"orthographic":false}