{"cameraMode":{"drawMode":0,"name":"Shaded","section":"Shading Mode"},"sceneLighting":false,"audioPlay":false,"sceneViewState":{"m_AlwaysRefresh":false,"showFog":true,"showSkybox":false,"showFlares":true,"showImageEffects":true,"showParticleSystems":true,"showVisualEffectGraphs":true,"m_FxEnabled":true},"in2DMode":false,"pivot":{"x":78.44648742675781,"y":4.237712383270264,"z":5110.71337890625},"rotation":{"x":0.061770014464855197,"y":0.00030942881130613387,"z":-0.00002563030102464836,"w":0.9981093406677246},"size":20.350393295288087,"orthographic":false}