{"cameraMode":{"drawMode":0,"name":"Shaded","section":"Shading Mode"},"sceneLighting":false,"audioPlay":false,"sceneViewState":{"m_AlwaysRefresh":false,"showFog":true,"showSkybox":false,"showFlares":true,"showImageEffects":true,"showParticleSystems":true,"showVisualEffectGraphs":true,"m_FxEnabled":true},"in2DMode":false,"pivot":{"x":84.30814361572266,"y":2.166701316833496,"z":5110.19677734375},"rotation":{"x":0.08712611347436905,"y":0.04064389318227768,"z":-0.0035641544964164497,"w":0.9953804016113281},"size":34.724605560302737,"orthographic":false}