{"cameraMode":{"drawMode":0,"name":"Shaded","section":"Shading Mode"},"sceneLighting":false,"audioPlay":false,"sceneViewState":{"m_AlwaysRefresh":false,"showFog":true,"showSkybox":false,"showFlares":true,"showImageEffects":true,"showParticleSystems":true,"showVisualEffectGraphs":true,"m_FxEnabled":true},"in2DMode":false,"pivot":{"x":-0.19122886657714845,"y":4.056083679199219,"z":33.52000045776367},"rotation":{"x":0.19848480820655824,"y":0.004717736970633268,"z":-0.0009470569202676415,"w":0.9801191091537476},"size":1.4600141048431397,"orthographic":false}