{"cameraMode":{"drawMode":0,"name":"Shaded","section":"Shading Mode"},"sceneLighting":false,"audioPlay":false,"sceneViewState":{"m_AlwaysRefresh":false,"showFog":true,"showSkybox":false,"showFlares":true,"showImageEffects":true,"showParticleSystems":true,"showVisualEffectGraphs":true,"m_FxEnabled":false},"in2DMode":false,"pivot":{"x":-0.7795963287353516,"y":0.9395489692687988,"z":0.20573711395263673},"rotation":{"x":-0.029747918248176576,"y":-0.9704431891441345,"z":0.16936679184436799,"w":-0.1696273535490036},"size":7.804053783416748,"orthographic":false}