{"cameraMode":{"drawMode":0,"name":"Shaded","section":"Shading Mode"},"sceneLighting":false,"audioPlay":false,"sceneViewState":{"m_AlwaysRefresh":false,"showFog":true,"showSkybox":false,"showFlares":true,"showImageEffects":true,"showParticleSystems":true,"showVisualEffectGraphs":true,"m_FxEnabled":true},"in2DMode":false,"pivot":{"x":0.2515036463737488,"y":0.14442342519760133,"z":-0.07703894376754761},"rotation":{"x":0.09822114557027817,"y":0.8615809082984924,"z":-0.18255358934402467,"w":0.4634155035018921},"size":0.9843451380729675,"orthographic":false}