{"cameraMode":{"drawMode":0,"name":"Shaded","section":"Shading Mode"},"sceneLighting":false,"audioPlay":false,"sceneViewState":{"m_AlwaysRefresh":false,"showFog":true,"showSkybox":false,"showFlares":true,"showImageEffects":true,"showParticleSystems":true,"showVisualEffectGraphs":true,"m_FxEnabled":false},"in2DMode":false,"pivot":{"x":-0.27572423219680788,"y":0.13605928421020509,"z":3.527658462524414},"rotation":{"x":-0.20267078280448914,"y":0.045721929520368579,"z":-0.009700529277324677,"w":-0.9781894087791443},"size":6.570652484893799,"orthographic":false}